Volume,1.8
Min,H2O2
0,10.87264151
30,9.579402516
180,5.562106918
263,4.072327044
323,3.199685535
420,1.847484277
515,0.990566038
570,0.455974843
675,0.176886792
